<application>
  <component name="VimEditorSettings">
    <editor>
      <key-repeat enabled="false" />
    </editor>
  </component>
  <component name="VimHistorySettings">
    <history>
      <history-search>
        <entry>Iterator</entry>
        <entry encoding="base64">XDxldmVudF9wdW1wXD4=</entry>
        <entry>up</entry>
        <entry>QUIT</entry>
        <entry encoding="base64">XDxzcGVjaWFsX1FVSVRcPg==</entry>
        <entry>Event</entry>
        <entry>BulwarkEventPump</entry>
        <entry encoding="base64">XDxJbnB1dFN0YXRlSGFuZGxlclw+</entry>
        <entry>InputSystem</entry>
        <entry encoding="base64">XDxJbnB1dEV2ZW50XD4=</entry>
        <entry encoding="base64">XDxJbnB1dFN0YXRlXD4=</entry>
        <entry encoding="base64">XDxTY2FuY29kZVw+</entry>
        <entry>InputState</entry>
        <entry>input_state</entry>
        <entry encoding="base64">XDxCdWx3YXJrR2xvYmFsXD4=</entry>
        <entry>timestep</entry>
        <entry>last_timestamp</entry>
        <entry>Delta</entry>
        <entry encoding="base64">XDxkZWJ1Z1w+</entry>
        <entry encoding="base64">XDx0cnVlX3JlbWFpbmluZ1w+</entry>
      </history-search>
      <history-cmd>
        <entry>59,65d</entry>
        <entry>25,34y</entry>
        <entry>36,48d</entry>
        <entry>53,69d</entry>
        <entry>56,65y</entry>
        <entry>88,113d</entry>
        <entry>31,38d</entry>
        <entry>17,24d</entry>
        <entry>81,106d</entry>
        <entry>87,113d</entry>
        <entry>126,136y</entry>
        <entry>w'</entry>
        <entry>171,179y</entry>
        <entry>189,197y</entry>
        <entry>q</entry>
        <entry>set hlsearch!</entry>
        <entry>218,229y</entry>
        <entry>tabnext</entry>
        <entry>tabprev</entry>
        <entry>w</entry>
      </history-cmd>
      <history-expr />
      <history-input />
    </history>
  </component>
  <component name="VimKeySettings">
    <shortcut-conflicts>
      <shortcut-conflict owner="vim">
        <text>ctrl pressed R</text>
      </shortcut-conflict>
      <shortcut-conflict owner="vim">
        <text>ctrl pressed V</text>
      </shortcut-conflict>
      <shortcut-conflict owner="ide">
        <text>ctrl pressed P</text>
      </shortcut-conflict>
      <shortcut-conflict owner="ide">
        <text>ctrl pressed N</text>
      </shortcut-conflict>
      <shortcut-conflict owner="vim">
        <text>ctrl pressed K</text>
      </shortcut-conflict>
      <shortcut-conflict owner="vim">
        <text>ctrl pressed O</text>
      </shortcut-conflict>
      <shortcut-conflict owner="vim">
        <text>ctrl pressed H</text>
      </shortcut-conflict>
      <shortcut-conflict owner="vim">
        <text>ctrl pressed G</text>
      </shortcut-conflict>
      <shortcut-conflict owner="vim">
        <text>ctrl pressed J</text>
      </shortcut-conflict>
    </shortcut-conflicts>
  </component>
  <component name="VimMarksSettings">
    <globalmarks />
    <filemarks>
      <file name="$USER_HOME$/Projects/bulwark/core/src/bulwark/event_adapter.rs" timestamp="1593391071812">
        <mark key="'" line="35" column="0" />
        <mark key="[" line="24" column="0" />
        <mark key="]" line="24" column="54" />
      </file>
      <file name="$USER_HOME$/Projects/bulwark/core/src/render/context.rs" timestamp="1592523814975">
        <mark key="'" line="11" column="0" />
        <mark key="[" line="9" column="21" />
        <mark key="]" line="9" column="21" />
        <mark key="." line="9" column="21" />
        <mark key="^" line="9" column="32" />
      </file>
      <file name="$USER_HOME$/Projects/bulwark/core/src/io/event.rs" timestamp="1593395277763">
        <mark key="'" line="118" column="0" />
        <mark key="[" line="27" column="12" />
        <mark key="]" line="27" column="24" />
        <mark key="^" line="9" column="8" />
        <mark key="." line="27" column="24" />
      </file>
      <file name="$USER_HOME$/Projects/bulwark/core/src/io.rs" timestamp="1593411603316">
        <mark key="[" line="2" column="0" />
        <mark key="]" line="2" column="0" />
        <mark key="." line="2" column="0" />
      </file>
      <file name="$USER_HOME$/Projects/bulwark/core/src/audio.rs" timestamp="1593411684840">
        <mark key="'" line="47" column="13" />
        <mark key="[" line="0" column="40" />
        <mark key="]" line="0" column="40" />
        <mark key="^" line="53" column="41" />
        <mark key="." line="0" column="48" />
      </file>
      <file name="$USER_HOME$/Projects/bulwark/core/src/bulwark/components.rs" timestamp="1593410734673">
        <mark key="'" line="7" column="0" />
        <mark key="[" line="0" column="0" />
        <mark key="]" line="0" column="0" />
        <mark key="." line="0" column="0" />
        <mark key="^" line="0" column="0" />
      </file>
      <file name="$USER_HOME$/Projects/bulwark/src/debug_input.rs" timestamp="1593410972296">
        <mark key="[" line="0" column="0" />
        <mark key="]" line="20" column="1" />
        <mark key="." line="0" column="0" />
      </file>
      <file name="$USER_HOME$/Projects/bulwark/core/src/io/queue.rs" timestamp="1593395311042">
        <mark key="'" line="157" column="0" />
        <mark key="[" line="34" column="7" />
        <mark key="]" line="34" column="34" />
        <mark key="." line="34" column="3" />
        <mark key="^" line="34" column="4" />
      </file>
      <file name="$USER_HOME$/Projects/bulwark/core/src/bulwark/time.rs" timestamp="1593414029832">
        <mark key="'" line="61" column="31" />
        <mark key="[" line="61" column="66" />
        <mark key="]" line="61" column="78" />
        <mark key="^" line="61" column="78" />
        <mark key="." line="61" column="77" />
      </file>
      <file name="$USER_HOME$/Projects/bulwark/core/src/io/components.rs" timestamp="1592523677258">
        <mark key="[" line="8" column="8" />
        <mark key="]" line="8" column="20" />
        <mark key="." line="8" column="19" />
        <mark key="^" line="8" column="20" />
      </file>
      <file name="$USER_HOME$/Projects/bulwark/core/Cargo.toml" timestamp="1593407342063">
        <mark key="[" line="15" column="36" />
        <mark key="]" line="18" column="19" />
        <mark key="^" line="18" column="19" />
        <mark key="." line="18" column="18" />
      </file>
      <file name="$USER_HOME$/Projects/bulwark/src/registry.rs" timestamp="1593400587809">
        <mark key="'" line="3" column="9" />
        <mark key="[" line="42" column="0" />
        <mark key="]" line="53" column="4" />
        <mark key="." line="0" column="0" />
      </file>
      <file name="$USER_HOME$/Projects/bulwark/core/src/io/state.rs" timestamp="1593412319193">
        <mark key="'" line="105" column="4" />
        <mark key="[" line="81" column="0" />
        <mark key="]" line="83" column="5" />
        <mark key="^" line="4" column="16" />
        <mark key="." line="4" column="15" />
      </file>
      <file name="$USER_HOME$/Projects/bulwark/src/io.rs" timestamp="1593411585639">
        <mark key="'" line="21" column="0" />
        <mark key="[" line="15" column="36" />
        <mark key="]" line="15" column="37" />
        <mark key="." line="15" column="36" />
        <mark key="^" line="15" column="37" />
      </file>
      <file name="$USER_HOME$/Projects/bulwark/src/main.rs" timestamp="1593413633158">
        <mark key="'" line="38" column="16" />
        <mark key="[" line="49" column="19" />
        <mark key="]" line="49" column="23" />
        <mark key="." line="49" column="22" />
        <mark key="^" line="49" column="23" />
      </file>
      <file name="$USER_HOME$/Projects/bulwark/core/src/io/component.rs" timestamp="1592523574354">
        <mark key="[" line="5" column="19" />
        <mark key="]" line="5" column="23" />
        <mark key="." line="5" column="22" />
        <mark key="^" line="5" column="23" />
      </file>
      <file name="$USER_HOME$/Projects/bulwark/src/position_updater.rs" timestamp="1593411260705">
        <mark key="'" line="21" column="0" />
        <mark key="[" line="0" column="0" />
        <mark key="]" line="0" column="0" />
        <mark key="^" line="28" column="40" />
        <mark key="." line="0" column="0" />
      </file>
      <file name="$USER_HOME$/Projects/bulwark/core/src/bulwark.rs" timestamp="1593410702617">
        <mark key="'" line="6" column="15" />
        <mark key="[" line="6" column="0" />
        <mark key="]" line="6" column="0" />
        <mark key="." line="6" column="0" />
        <mark key="^" line="8" column="16" />
      </file>
      <file name="$USER_HOME$/Projects/bulwark/core/src/io/system.rs" timestamp="1593399090645">
        <mark key="'" line="112" column="0" />
        <mark key="[" line="4" column="0" />
        <mark key="]" line="4" column="0" />
        <mark key="." line="4" column="0" />
      </file>
    </filemarks>
    <jumps>
      <jump line="97" column="37" filename="$USER_HOME$/Projects/bulwark/core/src/io/system.rs" />
      <jump line="0" column="0" filename="$USER_HOME$/Projects/bulwark/core/src/io/system.rs" />
      <jump line="59" column="4" filename="$USER_HOME$/Projects/bulwark/core/src/io/system.rs" />
      <jump line="66" column="24" filename="$USER_HOME$/Projects/bulwark/core/src/io/system.rs" />
      <jump line="95" column="34" filename="$USER_HOME$/Projects/bulwark/core/src/io/system.rs" />
      <jump line="104" column="36" filename="$USER_HOME$/Projects/bulwark/core/src/io/system.rs" />
      <jump line="89" column="0" filename="$USER_HOME$/Projects/bulwark/core/src/io/system.rs" />
      <jump line="112" column="0" filename="$USER_HOME$/Projects/bulwark/core/src/io/system.rs" />
      <jump line="13" column="25" filename="$USER_HOME$/Projects/bulwark/core/src/io/state.rs" />
      <jump line="74" column="46" filename="$USER_HOME$/Projects/bulwark/core/src/io/state.rs" />
      <jump line="5" column="0" filename="$USER_HOME$/Projects/bulwark/core/src/io/state.rs" />
      <jump line="75" column="30" filename="$USER_HOME$/Projects/bulwark/core/src/io/state.rs" />
      <jump line="93" column="33" filename="$USER_HOME$/Projects/bulwark/core/src/io/state.rs" />
      <jump line="79" column="0" filename="$USER_HOME$/Projects/bulwark/core/src/io/state.rs" />
      <jump line="109" column="0" filename="$USER_HOME$/Projects/bulwark/core/src/io/state.rs" />
      <jump line="59" column="0" filename="$USER_HOME$/Projects/bulwark/core/src/io/state.rs" />
      <jump line="71" column="0" filename="$USER_HOME$/Projects/bulwark/core/src/io/state.rs" />
      <jump line="117" column="16" filename="$USER_HOME$/Projects/bulwark/core/src/io/state.rs" />
      <jump line="86" column="53" filename="$USER_HOME$/Projects/bulwark/core/src/io/state.rs" />
      <jump line="88" column="0" filename="$USER_HOME$/Projects/bulwark/core/src/io/state.rs" />
      <jump line="32" column="11" filename="$USER_HOME$/Projects/bulwark/core/src/io/state.rs" />
      <jump line="72" column="0" filename="$USER_HOME$/Projects/bulwark/core/src/io/state.rs" />
      <jump line="85" column="4" filename="$USER_HOME$/Projects/bulwark/core/src/io/state.rs" />
      <jump line="3" column="24" filename="$USER_HOME$/Projects/bulwark/core/src/io/state.rs" />
      <jump line="95" column="0" filename="$USER_HOME$/Projects/bulwark/core/src/io/state.rs" />
      <jump line="125" column="17" filename="$USER_HOME$/Projects/bulwark/core/src/io/state.rs" />
      <jump line="43" column="0" filename="$USER_HOME$/Projects/bulwark/core/src/io/state.rs" />
      <jump line="122" column="0" filename="$USER_HOME$/Projects/bulwark/core/src/io/state.rs" />
      <jump line="87" column="4" filename="$USER_HOME$/Projects/bulwark/core/src/io/state.rs" />
      <jump line="96" column="32" filename="$USER_HOME$/Projects/bulwark/core/src/io/state.rs" />
      <jump line="130" column="4" filename="$USER_HOME$/Projects/bulwark/core/src/io/state.rs" />
      <jump line="30" column="17" filename="$USER_HOME$/Projects/bulwark/core/src/io/state.rs" />
      <jump line="35" column="18" filename="$USER_HOME$/Projects/bulwark/core/src/io/state.rs" />
      <jump line="128" column="7" filename="$USER_HOME$/Projects/bulwark/core/src/io/state.rs" />
      <jump line="29" column="0" filename="$USER_HOME$/Projects/bulwark/core/src/io/state.rs" />
      <jump line="84" column="0" filename="$USER_HOME$/Projects/bulwark/core/src/io/state.rs" />
      <jump line="136" column="4" filename="$USER_HOME$/Projects/bulwark/core/src/io/state.rs" />
      <jump line="108" column="32" filename="$USER_HOME$/Projects/bulwark/core/src/io/state.rs" />
      <jump line="104" column="0" filename="$USER_HOME$/Projects/bulwark/core/src/io/state.rs" />
      <jump line="205" column="0" filename="$USER_HOME$/Projects/bulwark/core/src/io/state.rs" />
      <jump line="18" column="8" filename="$USER_HOME$/Projects/bulwark/src/main.rs" />
      <jump line="36" column="27" filename="$USER_HOME$/Projects/bulwark/src/main.rs" />
      <jump line="135" column="0" filename="$USER_HOME$/Projects/bulwark/core/src/io/state.rs" />
      <jump line="148" column="4" filename="$USER_HOME$/Projects/bulwark/core/src/io/state.rs" />
      <jump line="39" column="0" filename="$USER_HOME$/Projects/bulwark/core/src/io/state.rs" />
      <jump line="46" column="12" filename="$USER_HOME$/Projects/bulwark/core/src/io/state.rs" />
      <jump line="56" column="13" filename="$USER_HOME$/Projects/bulwark/core/src/io/state.rs" />
      <jump line="110" column="38" filename="$USER_HOME$/Projects/bulwark/core/src/io/state.rs" />
      <jump line="121" column="38" filename="$USER_HOME$/Projects/bulwark/core/src/io/state.rs" />
      <jump line="154" column="21" filename="$USER_HOME$/Projects/bulwark/core/src/io/state.rs" />
      <jump line="44" column="12" filename="$USER_HOME$/Projects/bulwark/core/src/io/state.rs" />
      <jump line="33" column="15" filename="$USER_HOME$/Projects/bulwark/core/src/io/state.rs" />
      <jump line="97" column="0" filename="$USER_HOME$/Projects/bulwark/core/src/io/state.rs" />
      <jump line="100" column="27" filename="$USER_HOME$/Projects/bulwark/core/src/io/state.rs" />
      <jump line="146" column="24" filename="$USER_HOME$/Projects/bulwark/core/src/io/state.rs" />
      <jump line="83" column="0" filename="$USER_HOME$/Projects/bulwark/core/src/io/state.rs" />
      <jump line="164" column="7" filename="$USER_HOME$/Projects/bulwark/core/src/io/state.rs" />
      <jump line="111" column="12" filename="$USER_HOME$/Projects/bulwark/core/src/io/state.rs" />
      <jump line="127" column="28" filename="$USER_HOME$/Projects/bulwark/core/src/io/state.rs" />
      <jump line="162" column="4" filename="$USER_HOME$/Projects/bulwark/core/src/io/state.rs" />
      <jump line="243" column="0" filename="$USER_HOME$/Projects/bulwark/core/src/io/state.rs" />
      <jump line="6" column="15" filename="$USER_HOME$/Projects/bulwark/core/src/bulwark.rs" />
      <jump line="39" column="27" filename="$USER_HOME$/Projects/bulwark/src/main.rs" />
      <jump line="7" column="0" filename="$USER_HOME$/Projects/bulwark/core/src/bulwark/components.rs" />
      <jump line="51" column="0" filename="$USER_HOME$/Projects/bulwark/src/io.rs" />
      <jump line="10" column="18" filename="$USER_HOME$/Projects/bulwark/src/io.rs" />
      <jump line="4" column="14" filename="$USER_HOME$/Projects/bulwark/src/io.rs" />
      <jump line="9" column="17" filename="$USER_HOME$/Projects/bulwark/src/main.rs" />
      <jump line="63" column="34" filename="$USER_HOME$/Projects/bulwark/core/src/io/state.rs" />
      <jump line="8" column="33" filename="$USER_HOME$/Projects/bulwark/src/io.rs" />
      <jump line="2" column="40" filename="$USER_HOME$/Projects/bulwark/src/io.rs" />
      <jump line="9" column="4" filename="$USER_HOME$/Projects/bulwark/core/src/io/state.rs" />
      <jump line="14" column="3" filename="$USER_HOME$/Projects/bulwark/core/src/io/state.rs" />
      <jump line="0" column="0" filename="$USER_HOME$/Projects/bulwark/core/src/io/state.rs" />
      <jump line="14" column="40" filename="$USER_HOME$/Projects/bulwark/src/position_updater.rs" />
      <jump line="22" column="0" filename="$USER_HOME$/Projects/bulwark/src/position_updater.rs" />
      <jump line="21" column="0" filename="$USER_HOME$/Projects/bulwark/src/position_updater.rs" />
      <jump line="14" column="0" filename="$USER_HOME$/Projects/bulwark/src/io.rs" />
      <jump line="10" column="21" filename="$USER_HOME$/Projects/bulwark/src/main.rs" />
      <jump line="21" column="0" filename="$USER_HOME$/Projects/bulwark/src/io.rs" />
      <jump line="47" column="13" filename="$USER_HOME$/Projects/bulwark/core/src/audio.rs" />
      <jump line="21" column="0" filename="$USER_HOME$/Projects/bulwark/core/src/io/state.rs" />
      <jump line="248" column="0" filename="$USER_HOME$/Projects/bulwark/core/src/io/state.rs" />
      <jump line="34" column="0" filename="$USER_HOME$/Projects/bulwark/core/src/io/state.rs" />
      <jump line="82" column="0" filename="$USER_HOME$/Projects/bulwark/core/src/io/state.rs" />
      <jump line="105" column="4" filename="$USER_HOME$/Projects/bulwark/core/src/io/state.rs" />
      <jump line="48" column="0" filename="$USER_HOME$/Projects/bulwark/core/src/bulwark/time.rs" />
      <jump line="20" column="0" filename="$USER_HOME$/Projects/bulwark/core/src/bulwark/time.rs" />
      <jump line="53" column="29" filename="$USER_HOME$/Projects/bulwark/core/src/bulwark/time.rs" />
      <jump line="58" column="0" filename="$USER_HOME$/Projects/bulwark/core/src/bulwark/time.rs" />
      <jump line="12" column="9" filename="$USER_HOME$/Projects/bulwark/core/src/bulwark/time.rs" />
      <jump line="31" column="0" filename="$USER_HOME$/Projects/bulwark/src/main.rs" />
      <jump line="4" column="0" filename="$USER_HOME$/Projects/bulwark/core/src/bulwark/time.rs" />
      <jump line="28" column="56" filename="$USER_HOME$/Projects/bulwark/core/src/bulwark/time.rs" />
      <jump line="38" column="16" filename="$USER_HOME$/Projects/bulwark/src/main.rs" />
      <jump line="6" column="0" filename="$USER_HOME$/Projects/bulwark/src/main.rs" />
      <jump line="55" column="22" filename="$USER_HOME$/Projects/bulwark/core/src/bulwark/time.rs" />
      <jump line="57" column="26" filename="$USER_HOME$/Projects/bulwark/core/src/bulwark/time.rs" />
      <jump line="29" column="15" filename="$USER_HOME$/Projects/bulwark/core/src/bulwark/time.rs" />
      <jump line="61" column="31" filename="$USER_HOME$/Projects/bulwark/core/src/bulwark/time.rs" />
    </jumps>
  </component>
  <component name="VimRegisterSettings">
    <registers>
      <register name="&quot;" type="4">
        <text>System</text>
      </register>
      <register name="*" type="4">
        <text>from_secs</text>
      </register>
      <register name="-" type="4">
        <text>from_secs</text>
      </register>
      <register name="/" type="4">
        <text encoding="base64">XDx0cnVlX3JlbWFpbmluZ1w+</text>
      </register>
      <register name="0" type="2">
        <text encoding="base64">ICAgICAgICBkZWJ1ZyEoIlNsZWVwaW5nIGZvciB7Oj99IiwgcmVtYWluaW5nX3RpbWVfaW5fc3RlcCk7Cg==</text>
      </register>
      <register name="1" type="2">
        <text encoding="base64">ICAgICAgICAgICAgLmNoZWNrZWRfc3ViCg==</text>
      </register>
      <register name="q" type="4">
        <text>wwb</text>
      </register>
      <register name="2" type="2">
        <text encoding="base64">ICAgICAgICAud2l0aF90aHJlYWRfbG9jYWwoRlBTTGltaXRlcjo6ZGVmYXVsdCgpKQo=</text>
      </register>
      <register name="3" type="2">
        <text encoding="base64">ICAgICAgICAud2l0aF90aHJlYWRfbG9jYWwoRlBTTGltaXRlcjo6ZGVmYXVsdCgpKQo=</text>
      </register>
      <register name="4" type="2">
        <text encoding="base64">ICAgICAgICAud2l0aF90aHJlYWRfbG9jYWwoSW5wdXRTeXN0ZW06Om5ldygKICAgICAgICAgICAgc3Vic3lzdGVtcy5zZGxfY29udGV4dC5ldmVudF9wdW1wKCkudW53cmFwKCksCiAgICAgICAgKSkK</text>
      </register>
      <register name="5" type="2">
        <text encoding="base64">ICAgICAgICAud2l0aF90aHJlYWRfbG9jYWwoRGVsdGFUaW1lcikK</text>
      </register>
      <register name="u" type="4">
        <keys>
          <key char="101" code="0" mods="0" />
          <key char="117" code="0" mods="0" />
          <key char="101" code="0" mods="0" />
          <key char="107" code="0" mods="0" />
          <key char="119" code="0" mods="0" />
          <key char="119" code="0" mods="0" />
          <key char="99" code="0" mods="0" />
          <key char="101" code="0" mods="0" />
          <key char="109" code="0" mods="0" />
          <key char="97" code="0" mods="0" />
          <key char="116" code="0" mods="0" />
          <key char="101" code="0" mods="0" />
          <key char="118" code="0" mods="0" />
          <key char="101" code="0" mods="0" />
          <key char="110" code="0" mods="0" />
          <key char="116" code="0" mods="0" />
          <key char="41" code="0" mods="0" />
          <key char="106" code="0" mods="0" />
          <key char="107" code="0" mods="0" />
          <key char="107" code="0" mods="0" />
          <key char="100" code="0" mods="0" />
          <key char="100" code="0" mods="0" />
          <key char="100" code="0" mods="0" />
          <key char="100" code="0" mods="0" />
          <key char="100" code="0" mods="0" />
          <key char="100" code="0" mods="0" />
          <key char="100" code="0" mods="0" />
          <key char="100" code="0" mods="0" />
          <key char="100" code="0" mods="0" />
          <key char="100" code="0" mods="0" />
          <key char="100" code="0" mods="0" />
          <key char="100" code="0" mods="0" />
          <key char="100" code="0" mods="0" />
          <key char="100" code="0" mods="0" />
          <key char="117" code="0" mods="0" />
          <key char="105" code="0" mods="0" />
          <key char="111" code="0" mods="0" />
          <key char="73" code="0" mods="0" />
          <key char="110" code="0" mods="0" />
          <key char="112" code="0" mods="0" />
          <key char="117" code="0" mods="0" />
          <key char="116" code="0" mods="0" />
          <key char="58" code="0" mods="0" />
          <key char="58" code="0" mods="0" />
          <key char="106" code="0" mods="0" />
          <key char="107" code="0" mods="0" />
          <key char="103" code="0" mods="0" />
          <key char="116" code="0" mods="0" />
          <key char="97" code="0" mods="0" />
          <key char="98" code="0" mods="0" />
          <key char="110" code="0" mods="0" />
          <key char="101" code="0" mods="0" />
          <key char="120" code="0" mods="0" />
          <key char="116" code="0" mods="0" />
          <key char="106" code="0" mods="0" />
          <key char="97" code="0" mods="0" />
          <key char="65535" code="10" mods="0" />
          <key char="116" code="0" mods="0" />
          <key char="105" code="0" mods="0" />
          <key char="109" code="0" mods="0" />
          <key char="101" code="0" mods="0" />
          <key char="44" code="0" mods="0" />
          <key char="65535" code="10" mods="0" />
          <key char="106" code="0" mods="0" />
          <key char="107" code="0" mods="0" />
          <key char="103" code="0" mods="0" />
          <key char="116" code="0" mods="0" />
          <key char="97" code="0" mods="0" />
          <key char="98" code="0" mods="0" />
          <key char="110" code="0" mods="0" />
          <key char="101" code="0" mods="0" />
          <key char="120" code="0" mods="0" />
          <key char="116" code="0" mods="0" />
          <key char="106" code="0" mods="0" />
          <key char="65" code="0" mods="0" />
          <key char="107" code="0" mods="0" />
          <key char="101" code="0" mods="0" />
          <key char="121" code="0" mods="0" />
          <key char="99" code="0" mods="0" />
          <key char="111" code="0" mods="0" />
          <key char="100" code="0" mods="0" />
          <key char="101" code="0" mods="0" />
          <key char="58" code="0" mods="0" />
          <key char="32" code="0" mods="0" />
          <key char="65535" code="8" mods="0" />
          <key char="65535" code="8" mods="0" />
          <key char="65535" code="8" mods="0" />
          <key char="65535" code="8" mods="0" />
          <key char="65535" code="8" mods="0" />
          <key char="65535" code="8" mods="0" />
          <key char="65535" code="8" mods="0" />
          <key char="65535" code="8" mods="0" />
          <key char="65535" code="8" mods="0" />
          <key char="115" code="0" mods="0" />
          <key char="99" code="0" mods="0" />
          <key char="97" code="0" mods="0" />
          <key char="110" code="0" mods="0" />
          <key char="58" code="0" mods="0" />
          <key char="32" code="0" mods="0" />
          <key char="83" code="0" mods="0" />
          <key char="111" code="0" mods="0" />
          <key char="109" code="0" mods="0" />
          <key char="101" code="0" mods="0" />
          <key char="40" code="0" mods="0" />
          <key char="83" code="0" mods="0" />
          <key char="99" code="0" mods="0" />
          <key char="97" code="0" mods="0" />
          <key char="110" code="0" mods="0" />
          <key char="99" code="0" mods="0" />
          <key char="111" code="0" mods="0" />
          <key char="100" code="0" mods="0" />
          <key char="101" code="0" mods="0" />
          <key char="58" code="0" mods="0" />
          <key char="58" code="0" mods="0" />
          <key char="107" code="0" mods="0" />
          <key char="106" code="0" mods="0" />
          <key char="106" code="0" mods="0" />
          <key char="106" code="0" mods="0" />
          <key char="106" code="0" mods="0" />
          <key char="106" code="0" mods="0" />
          <key char="65535" code="8" mods="0" />
          <key char="65535" code="8" mods="0" />
          <key char="65535" code="8" mods="0" />
          <key char="65535" code="8" mods="0" />
          <key char="65535" code="8" mods="0" />
          <key char="65535" code="8" mods="0" />
          <key char="106" code="0" mods="0" />
          <key char="107" code="0" mods="0" />
          <key char="106" code="0" mods="0" />
          <key char="106" code="0" mods="0" />
          <key char="106" code="0" mods="0" />
          <key char="106" code="0" mods="0" />
          <key char="106" code="0" mods="0" />
          <key char="106" code="0" mods="0" />
          <key char="106" code="0" mods="0" />
          <key char="106" code="0" mods="0" />
          <key char="106" code="0" mods="0" />
        </keys>
      </register>
      <register name="6" type="8">
        <text>_thread_local
_thread_local</text>
      </register>
      <register name="7" type="2">
        <text encoding="base64">ICAgICAgICAud2l0aF90aHJlYWRfbG9jYWwoYXVkaW9fc3lzdGVtKQogICAgICAgIC53aXRoX3RocmVhZF9sb2NhbChyZW5kZXJfc3lzdGVtKQo=</text>
      </register>
      <register name="8" type="2">
        <text encoding="base64">ICAgICAgICAgICAgc2VsZi50aW1lc3RlcCgpCiAgICAgICAgICAgICAgICAuY2hlY2tlZF9zdWIoZGVsdGFfdGltZS52YWx1ZSkKICAgICAgICAgICAgICAgIC51bndyYXBfb3JfZWxzZSh8fCBEdXJhdGlvbjo6bmV3KDAsIDApKSwK</text>
      </register>
      <register name="9" type="2">
        <text encoding="base64">Cgo=</text>
      </register>
      <register name=":" type="4">
        <text>w</text>
      </register>
    </registers>
  </component>
  <component name="VimSearchSettings">
    <search>
      <last-search encoding="base64">XDx0cnVlX3JlbWFpbmluZ1w+</last-search>
      <last-offset />
      <last-pattern encoding="base64">XDx0cnVlX3JlbWFpbmluZ1w+</last-pattern>
      <last-replace>=</last-replace>
      <last-substitute>Iterator</last-substitute>
      <last-dir>1</last-dir>
      <show-last>false</show-last>
    </search>
  </component>
  <component name="VimSettings">
    <state version="6" enabled="true" />
    <notifications>
      <idea-join enabled="true" />
      <idea-put enabled="true" />
    </notifications>
  </component>
</application>